{
  "apiVersion": "v1",
  "kind": "PersistentVolumeClaim",
  "metadata": {
    "name": "mc-home",
    "namespace": "microclimatens",
    "annotations": {
      "pv.kubernetes.io/bind-completed": "yes",
      "pv.kubernetes.io/bound-by-controller": "yes"
    },
    "finalizers": [
      "kubernetes.io/pvc-protection"
    ]
  },
  "spec": {
    "accessModes": [
      "ReadWriteMany"
    ],
    "resources": {
      "requests": {
        "storage": "4Gi"
      }
    },
    "volumeName": "mc-home"
  }
}